Attribute,Description,Valid.Values,DependsOn,Properties,Required,Parent,DependsOn.Component,Source,Validation.Rules,columnType,module
study,Study,"3Dchromatin, ABC-DS, Abeta_microglia, ACOM, ACT, AD_ADRD_Exposome, ADAMTS7, ADAtlas_Archive, AD-BXD, ADMC_ADNI1, ADMC_ADNI2-GO, ADMC_ADNI_BakerLipidomics, ADMC_ADNI_Biocrates_MxP_Q500, ADMC_ADNI_NightingaleNMR, ADMC_ADNI_UHawaiiGutMetabolites, ADMC_UPenn, ADMCLongitudinalADNIMetabolon, Aging-PheWAS, AGMP_ANIMAL_MODELS, AGMP_ADRC, AGMP_BEAM, AGMP_TULSA_1000_LIBR, AMP-AD_DiverseCohorts, APOE4_Myelination, APOEPSC, APOE-TR, ATP6V1A_kd, Ast10_Communication, Banner, BCM-DMAS, BipSeq, BLSA, BPSD_AD_AnimalStudy_NU, BrainGVEX, BroadAstrom109, BroadiPSC, BroadMDMi, BU_ADRC_circPDE4B, CD74-IHC, CHDWB, CMC, CMC_HBCC, CMC-PEC, CNON, CUIMC2_Mult, CUMC_Compounds_Microglia, DAM Models_CU, DiCAD, diseasePseudotime, DivCo_HS, DukeAD_PTSD, ELPSCRNA, Emory_ADRC, Emory_Healthy_Brain_Study, Emory_Levey_300_CSF_FNIH, EmoryDrosophilaTau, EpiGABA, EpiMap, eQTLmetaAnalysis, FreshMicro, HBI_scRNAseq, HBTRC, HDAC1-cKOBrain, HumanFC, IL10_APPmouse, iNiAstshRNA, IntegrativePathwayAnalysis, iPSC, iPSCAstrocytes, iPSC-HiC, iPSCMicroglia, ISB_Taner_CollagenDomain, ISB_Taner_Cxcl10, ISB_Taner_PTN_MDK, ISB_Taner_sIL10r_sIL4r, ISB_Taner_TGFbeta, Jax.IU.Pitt_APOE4.Trem2.R47H, Jax.IU.Pitt_APP.PS1, Jax.IU.Pitt_B6.Klotho, Jax.IU.Pitt_Levetiracetam-5XFAD, Jax.IU.Pitt_LOAD2.PrimaryScreen, Jax.IU.Pitt_MicrobiomePilot, Jax.IU.Pitt_PrimaryScreen, Jax.IU.Pitt.Proteomics_Metabolomics_Pilot, Jax.IU.Pitt_StrainValidation, Jax.IU.Pitt_TREM2.HSSvsR47H, Jax.IU.Pitt_Verubecestat_5XFAD, LBP, LillyMicroglia, LLFS, lncRNA Pilot, MayoeGWAS, MayoHippocampus, MayoLOADGWAS, MayoPilotRNAseq, MayoRNAseq, mCITE-Seq, MC-BrAD, MC-CAA, MCMPS, MC_snRNA, MEF2_Resilience, MindPhenomeKB, miR155, MIT_ROSMAP_Multiomics, MOA-PAD, MODEL-AD_5XFAD, MODEL-AD_Abca7_APOE4_Trem2, MODEL-AD_APOE4_KI, MODEL-AD_APOE4_Trem2, MODEL-AD_Ceacam_KO_APOE4_Trem2, MODEL-AD_hAbeta_KI, MODEL-AD_Harmonization, MODEL-AD_hCR1_KI_on_APOE4_Trem2, MODEL-AD_hTau_Trem2, MODEL-AD_Il1rapKO_APOE4_Trem2_exon2KO, MODEL-AD_Mthfr_APOE4_Trem2, MODEL-AD_Rat_F344, MODEL-AD_Trem2_R47H, MouseHAL, MRGWAS, MSBB, MSBB_ArrayTissuePanel, MSDM, MSMM, MSSMiPSC, MSSM_PsychAD, mtDNA_AD, NAPS, NHP-Chimpanzee, NHP-Macaque, NPS_multiomics, OFMM, omicsADDS, Organoid_scRNAseq, Plxnb1_KO, RADEL, RNAseq_Harmonization, rnaSeqReprocessing, rnaSeqSampleSwap, ROSMAP, ROSMAP_bsSeq, ROSMAP_CellTypeSpecificHA, ROSMAP_CognitiveResilience, ROSMAP_GAGE-seq, ROSMAP-IA, ROSMAP-IN, ROSMAP_Lipidomics_Emory, ROSMAP_MammillaryBody, ROSMAP_nucleus_hashing, RR_APOE4, scRNAseq_microglia_wild_ADmice, SEA-AD, SMIB-AD, snRNAseqAD_TREM2, StJude_BannerSun, SUNYStrokeModel, SuperAgerEpiMap, SV_xQTL, SWS, SY5Y_Emory, SY5Y_REST, T Cell_AD, TASTPM, TAUAPPms, TauD35, Trisomy21iN, TS-RNAseq, TWAS, TyrobpKO, TyrobpKO_AppPs1, U1-70_PrimaryCellCulture, UAB_ADRC, UCI_3xTg-AD, UCI_ABCA7, UCI_Apoe-Ch, UCI_BIN1, UCI_CCLines, UCI_Microbiome, UCI_Multiomics, UCI_PrimaryScreen, UCI_StrainValidation, UCI_Trem2_Cuprizone, UCI_Trem2-R47H_NSS, UCLA-ASD, UCSF_MAC, UFLOR_ABI3_GNGT2, UPenn, VirusResilience_Banner, VirusResilience_iPSC, VirusResilience_LCL, VirusResilience_Mayo.MSBB.ROSMAP, VirusResilience_Organoids, VMC, WallOfTargets, WGBS Pilot, WGS_Harmonization, WHICAP_Immunoprofiling, Yale-ASD, Zhao_USF_Study",NA,NA,TRUE,ManifestColumn,NA,sage.annotations-neuro.study-0.0.57,NA,string,ADKP
3Dchromatin,The neuronal and glial 3D chromatin architecture study,,NA,NA,NA,study,NA,https://www.synapse.org/#!Synapse:syn21754060,NA,string,ADKP
ABC-DS,The Alzheimer's Biomarkers Consortium - Down Syndrome (ABC-DS) Study,,NA,NA,NA,study,NA,https://adknowledgeportal.synapse.org/Explore/Studies/DetailsPage?Study=syn38190930,NA,string,ADKP
Abeta_microglia,The differential transcriptomic responses of microglia to Ab peptide aggregates (Abeta_microglia) study,,NA,NA,NA,study,NA,https://adknowledgeportal.synapse.org/Explore/Studies/DetailsPage?Study=syn24828089,NA,string,ADKP
ACOM,The apoE effects in iPSC-derived Alzheimer's disease cerebral organoid model study,,NA,NA,NA,study,NA,https://www.synapse.org/#!Synapse:syn21680862,NA,string,ADKP
ACT,Adult Changes in Thought,,NA,NA,NA,study,NA,hhttps://adknowledgeportal.synapse.org/Explore/Studies/DetailsPage?Study=syn5759376,NA,string,ADKP
AD_ADRD_Exposome,The Exposome-wide associrm modules/ADKP/study_main_ref.csvation study of AD/ADRD across the UK Biobank and Framingham Heart Study cohorts (AD_ADRD_Exposome),,NA,NA,NA,study,NA,https://adknowledgeportal.synapse.org/Explore/Studies/DetailsPage?Study=syn26438246,NA,string,ADKP
ADAMTS7,The Characterization of gene associations with aging-related traits with a genetically-predicted transcriptome-wide association study (TWAS),,NA,NA,NA,study,NA,https://adknowledgeportal.synapse.org/Explore/Studies/DetailsPage?Study=syn26969078,NA,string,ADKP
ADAtlas_Archive,The Integrated Molecular Atlas of Alzheimer's Disease Archive (ADAtlas_Archive),,NA,NA,NA,study,NA,https://adknowledgeportal.synapse.org/Explore/Studies/DetailsPage?Study=syn38188085,NA,string,ADKP
AD-BXD,The AD-BXD study,,NA,NA,NA,study,NA,https://adknowledgeportal.synapse.org/Explore/Studies/DetailsPage?Study=syn17016211,NA,string,ADKP
ADMC_ADNI1,Metabolomics and lipidomics of the AD metabolome as well as imaging from ADNI,,NA,NA,NA,study,NA,https://www.synapse.org/#!Synapse:syn5592519,NA,string,ADKP
ADMC_ADNI2-GO,"Clinical, imaging, genetic, and biochemical biomarker characteristics of the entire spectrum of Alzheimer's disease (AD)",,NA,NA,NA,study,NA,https://www.synapse.org/#!Synapse:syn9705278,NA,string,ADKP
ADMC_ADNI_BakerLipidomics,The Alzheimer's Disease Metabolomics Consortium Alzheimer's Disease Neuroimaging Initiative Baker Heart Targeted Lipidomics (ADMC_ADNI_BakerLipidomics) Study,,NA,NA,NA,study,NA,https://www.synapse.org/#!Synapse:syn24989039,NA,string,ADKP
ADMC_ADNI_Biocrates_MxP_Q500, The Alzheimer's Disease Metabolomics Consortium Longitudinal Alzheimer’s Disease Neuroimaging Initiative Q500 Biocrates Metabolites (ADMCLongitudinalADNIQ500Biocrates) Study,,NA,NA,NA,study,NA,https://adknowledgeportal.synapse.org/Explore/Studies/DetailsPage?Study=syn52047688,NA,string,ADKP
ADMC_ADNI_NightingaleNMR,The Alzheimer's Disease Metabolomics Consortium Alzheimer's Disease Neuroimaging Initiative Nightingale NMR (ADMC_ADNI_NightingaleNMR) Study,,NA,NA,NA,study,NA,https://www.synapse.org/#!Synapse:syn23557831,NA,string,ADKP
ADMC_ADNI_UHawaiiGutMetabolites,The Alzheimer's Disease Metabolomics Consortium Alzheimer's Disease Neuroimaging Initiative University of Hawaii Gut Metabolites (ADMC_ADNI_UHawaiiGutMetabolites) Study,,NA,NA,NA,study,NA,https://adknowledgeportal.synapse.org/Explore/Studies/DetailsPage?Study=syn31513378,NA,string,ADKP
ADMC_UPenn,Metabolomics on AD,,NA,NA,NA,study,NA,https://www.synapse.org/#!Synapse:syn9705311,NA,string,ADKP
ADMCLongitudinalADNIMetabolon,The Alzheimer's Disease Metabolomics Consortium Longitudinal Alzheimer’s Disease Neuroimaging Initiative Metabolon (ADMCLongitudinalADNIMetabolon) Study,,NA,NA,NA,study,NA,https://adknowledgeportal.synapse.org/Explore/Studies/DetailsPage?Study=syn70524711,NA,string,ADKP
Aging-PheWAS,Characterization of gene associations with aging-related traits with a genetically-predicted transcriptome-wide association study (TWAS),,NA,NA,NA,study,NA,https://adknowledgeportal.synapse.org/Explore/Studies/DetailsPage?Study=syn26720399,NA,string,ADKP
AGMP_ANIMAL_MODELS,The Mechanistic Studies in Animal Models Study,,NA,NA,NA,study,NA,https://adknowledgeportal.synapse.org/Explore/Studies/DetailsPage?Study=syn63660568,NA,string,ADKP
AGMP_ADRC,ADRC Study to Define a Role for the Gut Microbiome and Metabolome in Alzheimer’s Disease (AGMP_ADRC),,NA,NA,NA,study,NA,https://www.synapse.org/Synapse:syn64959226,NA,string,ADKP
AGMP_BEAM,Brain Energy for Amyloid transformation In Alzheimer's disease (AGMP_BEAM),,NA,NA,NA,study,NA,https://www.synapse.org/#!Synapse:syn51104591,NA,string,ADKP
AGMP_TULSA_1000_LIBR,A naturalistic study protocol for multilevel assessment and outcome prediction in a large psychiatric sample (AGMP_TULSA_1000_LIBR),,NA,NA,NA,study,NA,https://adknowledgeportal.synapse.org/Explore/Studies/DetailsPage?Study=syn53239117,NA,string,ADKP
AMP-AD_DiverseCohorts,The Accelerating Medicines Partnership Alzheimer's Disease Diverse Cohorts Study (AMP-AD_DiverseCohorts),,NA,NA,NA,study,NA,https://adknowledgeportal.synapse.org/Explore/Studies/DetailsPage?Study=syn51732482,NA,string,ADKP
APOE4_Myelination,The APOE4 Myelination (APOE4_Myelination) Study,,NA,NA,NA,study,NA,https://adknowledgeportal.synapse.org/Explore/Studies/DetailsPage?Study=syn44424170,NA,string,ADKP
APOEPSC,The impact of APOE on aging-related conditions in human iPSC models (APOEPSC) study,,NA,NA,NA,study,NA,https://adknowledgeportal.synapse.org/Explore/Studies/DetailsPage?Study=syn25914209,NA,string,ADKP
APOE-TR,APOE Targeted Replacement,,NA,NA,NA,study,NA,https://www.synapse.org/#!Synapse:syn8391648,NA,string,ADKP
ATP6V1A_kd,The ATP6V1A knockdown in hIPSC neurons (ATP6V1A_kd) study,,NA,NA,NA,study,NA,https://www.synapse.org/#!Synapse:syn52201354,NA,string,ADKP
Ast10_Communication,The Cell-cell Signaling Drives a Pathologic Astrocytic State Linked to Cognitive Decline in Alzheimer’s (Ast10_Communication) Study,,NA,NA,NA,study,NA,https://adknowledgeportal.synapse.org/Explore/Studies/DetailsPage?Study=syn64778720,NA,string,ADKP 
Banner,Banner Sun Health Research Institute's Brain and Body Donation Program,,NA,NA,NA,study,NA,https://www.synapse.org/#!Synapse:syn7170616,NA,string,ADKP
BCM-DMAS,Baylor Drosophila Model Aging Study (BCM-DMAS),,NA,NA,NA,study,NA,https://adknowledgeportal.synapse.org/Explore/Studies/DetailsPage?Study=syn34767207,NA,string,ADKP
BipSeq,RNA Sequencing of the limbic system in bipolar disorder,,NA,NA,NA,study,NA,https://www.synapse.org/#!Synapse:syn5844980,NA,string,ADKP
BLSA,Baltimore Longitudinal Study on Aging,,NA,NA,NA,study,NA,https://www.synapse.org/#!Synapse:syn3606086,NA,string,ADKP
BPSD_AD_AnimalStudy_NU,Molecular mechanisms underlying behavioral and psychological symptoms in Alzheimer's disease (BPSD_AD_AnimalStudy_NU),,NA,NA,NA,study,NA,https://adknowledgeportal.synapse.org/Explore/Studies/DetailsPage?Study=syn26234114,NA,string,ADKP
BrainGVEX,Genetic Variants effect on Brain Gene eXpression,,NA,NA,NA,study,NA,https://www.synapse.org/#!Synapse:syn4590909,NA,string,ADKP
BroadAstrom109,Primary astrocytes and iPSC derived neurons,,NA,NA,NA,study,NA,https://www.synapse.org/#!Synapse:syn7204912,NA,string,ADKP
BroadiPSC,iPSC derived forebrain neurons,,NA,NA,NA,study,NA,https://www.synapse.org/#!Synapse:syn3607401,NA,string,ADKP
BroadMDMi,A novel human in vitro microglia-like model,,NA,NA,NA,study,NA,https://www.synapse.org/#!Synapse:syn3607404,NA,string,ADKP
BU_ADRC_circPDE4B,BU ADRC circPDE4B Downregulation Associated with GEMIN5-Dependent Translational Stress and Autophagy in MAPT Pathology (BU_ADRC_circPDE4B),,NA,NA,NA,study,NA,https://www.synapse.org/#!Synapse:syn74323578,NA,string,ADKP
CD74-IHC,"This study measures amyloid load and PHF Tau tangles in participants from the ROS and MAP cohorts using immunocytochemistry, image analysis, and stereology.",,NA,NA,NA,study,NA,https://adknowledgeportal.synapse.org/Explore/Studies/DetailsPage?Study=syn64759724,NA,string,ADKP
CHDWB,"Clinical, metabolomic, and gene expression data of controls",,NA,NA,NA,study,NA,https://www.synapse.org/#!Synapse:syn8272982,NA,string,ADKP
CMC,CommonMind Consortium,,NA,NA,NA,study,NA,https://www.synapse.org/#!Synapse:syn2759792/wiki/69613,NA,string,ADKP
CMC_HBCC,The CommonMind Consortium Human Brain Collection Core Cohort,,NA,NA,NA,study,NA,,NA,string,ADKP
CMC-PEC,Data from the CMC cohorts funded through PsychENCODE grants,,NA,NA,NA,study,NA,https://www.synapse.org/#!Synapse:syn21961394,NA,string,ADKP
CNON,Cultured Neuronal cells derived from Olfactory Neuroepithelium,,NA,NA,NA,study,NA,https://www.synapse.org/#!Synapse:syn4590897,NA,string,ADKP
CUIMC2_Mult,The CUIMC2 Multiome snRNA/snATAC (CUIMC2_Mult) Study,,NA,NA,NA,study,NA,https://adknowledgeportal.synapse.org/Explore/Studies/DetailsPage?Study=syn64769520,NA,string,ADKP
CUMC_Compounds_Microglia,The CUMC Study for Compounds Polarizing Human Microglial Subtypes,,NA,NA,NA,study,NA,https://adknowledgeportal.synapse.org/Explore/Studies/DetailsPage?Study=syn53124928,NA,string,ADKP
DAM Models_CU,The De Jager_CUMC_Development of a Human Disease-associated Microglia Model System Study,,NA,NA,NA,study,NA,https://adknowledgeportal.synapse.org/Explore/Studies/DetailsPage/StudyDetails?Study=syn64332552,NA,string,ADKP
DiCAD,"Interdisciplinary Research to Understand the Interplay of Diabetes, Cerebrovascular disease and Alzheimer's disease",,NA,NA,NA,study,NA,https://www.synapse.org/#!Synapse:syn9944859,NA,string,ADKP
diseasePseudotime,The diseasePseudotime study,,NA,NA,NA,study,NA,https://www.synapse.org/#!Synapse:syn22822673,NA,string,ADKP
DivCo_HS,The Diverse Cohorts Harmonization Study,,NA,NA,NA,study,NA,https://adknowledgeportal.synapse.org/Explore/Studies/DetailsPage?Study=syn68898203,NA,string,ADKP
DukeAD_PTSD,"The Duke Study of Shared Genetic, Epigenetic, and Transcriptomic Profiles Between AD and PTSD study",,NA,NA,NA,study,NA,https://www.synapse.org/#!Synapse:syn23585917,NA,string,ADKP
ELPSCRNA,Single cell transcriptomic analysis of PBMCs in Extreme Longevity,,NA,NA,NA,study,NA,https://adknowledgeportal.synapse.org/Explore/Studies/DetailsPage?Study=syn26067509,NA,string,ADKP
Emory_ADRC,Emory Alzheimer's Disease Research Center,,NA,NA,NA,study,NA,https://www.synapse.org/#!Synapse:syn3218563,NA,string,ADKP
Emory_Healthy_Brain_Study,Emory Healthy Brain Study,,,,,study,,https://www.synapse.org/#!Synapse:syn75102930,,string,ADKP
Emory_Levey_300_CSF_FNIH,AD CSF Proteome in 300 Emory Individuals and Longitudinally Paired MCI Drug Trial Participants,,NA,NA,NA,study,NA,https://adknowledgeportal.synapse.org/Explore/Studies/DetailsPage/StudyDetails?Study=syn68293899,NA,string,ADKP
EmoryDrosophilaTau,Emory Drosophila Tau model,,NA,NA,NA,study,NA,https://www.synapse.org/#!Synapse:syn7274101,NA,string,ADKP
EpiGABA,GABA Epigenomes in Autism,,NA,NA,NA,study,NA,https://www.synapse.org/#!Synapse:syn4588488,NA,string,ADKP
EpiMap,Epigenetic Map in neuropsychiatric control tissue,,NA,NA,NA,study,NA,https://www.synapse.org/#!Synapse:syn4566010,NA,string,ADKP
eQTLmetaAnalysis,The eQTL Meta-Analysis Study,,NA,NA,NA,study,NA,https://adknowledgeportal.synapse.org/Explore/Studies/DetailsPage?Study=syn25398075,NA,string,ADKP
FreshMicro,The Fresh Microglia Regulome Study,,NA,NA,NA,study,NA,https://adknowledgeportal.synapse.org/Explore/Studies/DetailsPage?Study=syn25671134,NA,string,ADKP
HBI_scRNAseq,The human brain immunity scRNAseq study (HBI_scRNAseq),,NA,NA,NA,study,NA,https://www.synapse.org/#!Synapse:syn24168322,NA,string,ADKP
HBTRC,Harvard Brain Tissue Resource Center,,NA,NA,NA,study,NA,https://www.synapse.org/#!Synapse:syn3159435,NA,string,ADKP
HDAC1-cKOBrain,HDAC1 expression in the brain,,NA,NA,NA,study,NA,https://www.synapse.org/#!Synapse:syn5987310,NA,string,ADKP
HumanFC,Decoding schizophrenia-From GWAS to functional regulatory variants,,NA,NA,NA,study,NA,https://www.synapse.org/#!Synapse:syn5321694,NA,string,ADKP
IL10_APPmouse,IL10 overexpression in APP mouse,,NA,NA,NA,study,NA,https://www.synapse.org/#!Synapse:syn3157175,NA,string,ADKP
iNiAstshRNA,Targeting of LOAD candidate genes via shRNA in human neurons and astrocytes,,NA,NA,NA,study,NA,https://adknowledgeportal.synapse.org/Explore/Studies/DetailsPage?Study=syn52167912,NA,string,ADKP
IntegrativePathwayAnalysis,The Integrative Metabolomics-Genomics Pathway Analysis Study (IntegrativePathwayAnalysis),,NA,NA,NA,study,NA,https://adknowledgeportal.synapse.org/Explore/Studies/DetailsPage?Study=syn25474536,NA,string,ADKP
iPSC,Gene regulatory elements and transcriptome in iPSCs and postmortem human cortex,,NA,NA,NA,study,NA,https://www.synapse.org/#!Synapse:syn4590910,NA,string,ADKP
iPSCAstrocytes,The MSSM iPSCAstrocytes study,,NA,NA,NA,study,NA,https://www.synapse.org/#!Synapse:syn10344967,NA,string,ADKP
iPSC-HiC,Human induced pluripotent stem cells (hiPSCs).,,NA,NA,NA,study,NA,https://www.synapse.org/#!Synapse:syn12979149,NA,string,ADKP
iPSCMicroglia,iPSC derived microglia,,NA,NA,NA,study,NA,https://www.synapse.org/#!Synapse:syn7203233,NA,string,ADKP
ISB_Taner_CollagenDomain,The A C1qTNF3 collagen domain fusion chaperones diverse secreted proteins and anti-Aβ scFvs: Applications for gene therapies Study,,NA,NA,NA,study,NA,https://adknowledgeportal.synapse.org/Explore/Studies/DetailsPage?Study=syn64735933,NA,string,ADKP
ISB_Taner_Cxcl10,The Cxcl10 overexpression in a transgenic model of Alzheimer’s disease Study,,NA,NA,NA,study,NA,https://adknowledgeportal.synapse.org/Explore/Studies/DetailsPage?Study=syn64735934,NA,string,ADKP
ISB_Taner_PTN_MDK,The Integrative proteomics identifies a conserved Aβ amyloid responsome and novel plaque proteins and pathology modifiers in Alzheimer's disease Study,,NA,NA,NA,study,NA,https://adknowledgeportal.synapse.org/Explore/Studies/DetailsPage?Study=syn64735936,NA,string,ADKP
ISB_Taner_sIL10r_sIL4r,The Antagonizing Il10 and Il4 signaling via intracerebral decoy receptor expression attenuates Aβ accumulation Study,,NA,NA,NA,study,NA,https://adknowledgeportal.synapse.org/Explore/Studies/DetailsPage?Study=syn64735935,NA,string,ADKP
ISB_Taner_TGFbeta,The TGFbeta overexpression in a transgenic model of Alzheimer’s disease Study,,NA,NA,NA,study,NA,https://adknowledgeportal.synapse.org/Explore/Studies/DetailsPage?Study=syn64735937,NA,string,ADKP
Jax.IU.Pitt_APOE4.Trem2.R47H,The Jax.IU.Pitt_APOE4.Trem2.R47H Study,,NA,NA,NA,study,NA,https://adknowledgeportal.synapse.org/Explore/Studies/DetailsPage?Study=syn17095980,NA,string,ADKP
Jax.IU.Pitt_APP.PS1,Jax.IU.Pitt_APP.PS1 study -- previously referred to as MODEL-AD_APPPS1 and JAX_APPPS1,,NA,NA,NA,study,NA,https://www.synapse.org/#!Synapse:syn9850001,NA,string,ADKP
Jax.IU.Pitt_B6.Klotho,The Jax.IU.Pitt_B6.Klotho Study,,NA,NA,NA,study,NA,https://www.synapse.org/Synapse:syn73812457,NA,string,ADKP
Jax.IU.Pitt_Levetiracetam-5XFAD,The Jax.IU.Pitt_Levetiracetam-5XFAD Study,,NA,NA,NA,study,NA,https://adknowledgeportal.synapse.org/Explore/Studies/DetailsPage/StudyDetails?Study=syn21784897,NA,string,ADKP
Jax.IU.Pitt_LOAD2.PrimaryScreen,The Jax.IU.Pitt LOAD2 PrimaryScreen Study,,NA,NA,NA,study,NA,https://adknowledgeportal.synapse.org/Explore/Studies/DetailsPage/StudyDetails?Study=syn58863147,NA,string,ADKP
Jax.IU.Pitt_MicrobiomePilot,Jax.IU.Pitt_MicrobiomePilot,,NA,NA,NA,study,NA,https://www.synapse.org/#!Synapse:syn22341543,NA,string,ADKP
Jax.IU.Pitt_PrimaryScreen,Primary screen data from the Jax.IU.Pitt MODEL-AD grant,,NA,NA,NA,study,NA,https://www.synapse.org/#!Synapse:syn21595258,NA,string,ADKP
Jax.IU.Pitt.Proteomics_Metabolomics_Pilot,Jax.IU.Pitt.Proteomics_Metabolomics_Pilot,,NA,NA,NA,study,NA,https://www.synapse.org/#!Synapse:syn22313528,NA,string,ADKP
Jax.IU.Pitt_StrainValidation,Strain validation data from the Jax.IU.Pitt MODEL-AD grant,,NA,NA,NA,study,NA,https://www.synapse.org/#!Synapse:syn21595255,NA,string,ADKP
Jax.IU.Pitt_TREM2.HSSvsR47H,Jax.IU.Pitt_TREM2.HSSvsR47H Study,,NA,NA,NA,study,NA,https://www.synapse.org/#!Synapse:syn73853757,NA,string,ADKP
Jax.IU.Pitt_Verubecestat_5XFAD,Data from 5XFAD mice treated with verubecestat from the Jax.IU.Pitt MODEL-AD grant,,NA,NA,NA,study,NA,https://adknowledgeportal.synapse.org/Explore/Studies/DetailsPage?Study=syn21863375,NA,string,ADKP
LBP,The Living Brain Project Study,,NA,NA,NA,study,NA,https://adknowledgeportal.synapse.org/Explore/Studies/DetailsPage?Study=syn26337520,NA,string,ADKP
LillyMicroglia,Microglia gene profiling in the rTg4510 tauopathy mouse model,,NA,NA,NA,study,NA,https://www.synapse.org/#!Synapse:syn5478323,NA,string,ADKP
LLFS,The Long Life Family Study,,NA,NA,NA,study,NA,https://adknowledgeportal.synapse.org/Explore/Studies/DetailsPage?Study=syn26229161,NA,string,ADKP
lncRNA Pilot,long non-coding RNA pilot,,NA,NA,NA,study,NA,https://www.synapse.org/#!Synapse:syn4588462,NA,string,ADKP
MayoeGWAS,Gene expression from the Illumina Whole Genome DASL array,,NA,NA,NA,study,NA,https://www.synapse.org/#!Synapse:syn3157225,NA,string,ADKP
MayoHippocampus,The Mayo Clinic Hippocampal Vulnerability Study (MayoHippocampus),,NA,NA,NA,study,NA,https://adknowledgeportal.synapse.org/Explore/Studies/DetailsPage?Study=syn32141161,NA,string,ADKP
MayoLOADGWAS,Mayo Clinic LOAD genome-wide association and brain gene expression studies,,NA,NA,NA,study,NA,https://www.synapse.org/#!Synapse:syn2910256,NA,string,ADKP
MayoPilotRNAseq,RNAseq on a subset of MayoEGWAS,,NA,NA,NA,study,NA,https://www.synapse.org/#!Synapse:syn3157268,NA,string,ADKP
MayoRNAseq,Mayo RNAseq study,,NA,NA,NA,study,NA,https://www.synapse.org/#!Synapse:syn5550404,NA,string,ADKP
mCITE-Seq,The mCITE-Seq – Columbia University Study,,NA,NA,NA,study,NA,https://adknowledgeportal.synapse.org/Explore/Studies/DetailsPage?Study=syn64695340,NA,string,ADKP
MC-BrAD,Mayo Clinic Brain Molecular Signatures of Resilience to Alzheimer's Disease,,NA,NA,NA,study,NA,https://adknowledgeportal.synapse.org/Explore/Studies/DetailsPage?Study=syn51298412,NA,string,ADKP
MC-CAA,RNAseq data on cerebral amyloid angiopathy (CAA) pathology,,NA,NA,NA,study,NA,https://www.synapse.org/#!Synapse:syn9779506,NA,string,ADKP
MCMPS,The Mayo Clinic Microglial Profiling Study (MCMPS),,NA,NA,NA,study,NA,https://adknowledgeportal.synapse.org/Explore/Studies/DetailsPage?Study=syn25879171,NA,string,ADKP
MC_snRNA,The Mayo Clinic Single Nucleus RNAseq Study (MC_snRNA),,NA,NA,NA,study,NA,https://adknowledgeportal.synapse.org/Explore/Studies/DetailsPage?Study=syn31511672,NA,string,ADKP
MEF2_Resilience,The MEF2 Neurodegenerative Resilience Study (MEF2_Resilience),,NA,NA,NA,study,NA,https://adknowledgeportal.synapse.org/Explore/Studies/DetailsPage?Study=syn25945732,NA,string,ADKP
MindPhenomeKB,A Phenotypic Knowledge Base to Study Genetic Links Between AD and Neuropsychatric Symptoms (MindPhenomeKB),,NA,NA,NA,study,NA,https://adknowledgeportal.synapse.org/Explore/Studies/DetailsPage?Study=syn25326405,NA,string,ADKP
miR155,"miR155 regulation of behavior, neuropathology, and cortical transcriptomics in Alzheimer Disease",NA,NA,NA,study,NA,https://www.synapse.org/#!Synapse:syn22238772,NA,string,ADKP
MIT_ROSMAP_Multiomics,The MIT ROSMAP Single-Nucleus Multiomics Study,,NA,NA,NA,study,NA,https://adknowledgeportal.synapse.org/Explore/Studies/DetailsPage/StudyDetails?Study=syn52293417,NA,string,ADKP
MOA-PAD,Multi-omic analyses of psychosis in Alzheimer's disease,,NA,NA,NA,study,NA,https://www.synapse.org/#!Synapse:syn23538600,NA,string,ADKP
MODEL-AD_5XFAD,MODEL-AD 5XFAD Study,,NA,NA,NA,study,NA,https://www.synapse.org/#!Synapse:syn16798076,NA,string,ADKP
MODEL-AD_Abca7_APOE4_Trem2,MODEL-AD Abca7*A1527G/APOE4/Trem2*R47H Study,,NA,NA,NA,study,NA,https://www.synapse.org/#!Synapse:syn21075750,NA,string,ADKP
MODEL-AD_APOE4_KI,MODEL-AD APOE4 KI Study,,NA,NA,NA,study,NA,https://www.synapse.org/#!Synapse:syn18634456,NA,string,ADKP
MODEL-AD_APOE4_Trem2,MODEL-AD APOE4/Trem2*R47H Study,,NA,NA,NA,study,NA,https://www.synapse.org/#!Synapse:syn17095980,NA,string,ADKP
MODEL-AD_Ceacam_KO_APOE4_Trem2,MODEL-AD Ceacam1 KO/APOE4/Trem2*R47H Study,,NA,NA,NA,study,NA,https://www.synapse.org/#!Synapse:syn21075764,NA,string,ADKP
MODEL-AD_hAbeta_KI,MODEL-AD Humanized Abeta Knock-in Study,,NA,NA,NA,study,NA,https://www.synapse.org/#!Synapse:syn18634479,NA,string,ADKP
MODEL-AD_Harmonization,MODEL-AD Harmonization Study,,NA,NA,NA,study,NA,https://adknowledgeportal.synapse.org/Explore/Studies/DetailsPage?Study=syn25882591,NA,string,ADKP
MODEL-AD_hCR1_KI_on_APOE4_Trem2,MODEL-AD hCR1 KI on APOE4/Trem2 Study,,NA,NA,NA,study,NA,https://www.synapse.org/#!Synapse:syn21075863,NA,string,ADKP
MODEL-AD_hTau_Trem2,MODEL-AD hTau Trem2 Study,,NA,NA,NA,study,NA,https://www.synapse.org/#!Synapse:syn18693211,NA,string,ADKP
MODEL-AD_Il1rapKO_APOE4_Trem2_exon2KO,MODEL-AD Il1rap KO/APOE4/Trem2*R47H, exon 2 KO Study,,NA,NA,NA,study,NA,https://www.synapse.org/#!Synapse:syn21075802,NA,string,ADKP
MODEL-AD_Mthfr_APOE4_Trem2,MODEL-AD Mthfr*C677T/APOE4/Trem2*R47H Study,,NA,NA,NA,study,NA,https://www.synapse.org/#!Synapse:syn21075850,NA,string,ADKP
MODEL-AD_Rat_F344,MODEL-AD Rat F344 Study,,NA,NA,NA,study,NA,https://www.synapse.org/#!Synapse:syn20730014,NA,string,ADKP
MODEL-AD_Trem2_R47H,MODEL-AD Trem2 R47H Study,,NA,NA,NA,study,NA,https://www.synapse.org/#!Synapse:syn18634477,NA,string,ADKP
MouseHAL,Chronic Haloperidol Effects on Gene Expression and Chromatin Accessibility in Mouse Brain,,NA,NA,NA,study,NA,https://www.synapse.org/#!Synapse:syn4590850,NA,string,ADKP
MRGWAS,Mendelian randomization of human longevity using genetically-predicted exposures from the GWAS catalog,,NA,NA,NA,study,NA,https://adknowledgeportal.synapse.org/Explore/Studies/DetailsPage?Study=syn26066886,NA,string,ADKP
MSBB,Mount Sinai Brain Bank AD Cohort,,NA,NA,NA,study,NA,https://www.synapse.org/#!Synapse:syn3159438,NA,string,ADKP
MSBB_ArrayTissuePanel,Expression array and coexpression networks on 19 brain regions,,NA,NA,NA,study,NA,https://www.synapse.org/#!Synapse:syn3157699,NA,string,ADKP
MSDM,Mount Sinai Drosophila Melanogaster,,NA,NA,NA,study,NA,https://www.synapse.org/#!Synapse:syn4587607,NA,string,ADKP
MSMM,Mount Sinai Mouse Models,,NA,NA,NA,study,NA,https://www.synapse.org/#!Synapse:syn5477220,NA,string,ADKP
MSSMiPSC,iPSC derived hiPSC forebrain neurons and NPCs,,NA,NA,NA,study,NA,https://www.synapse.org/#!Synapse:syn5986884,NA,string,ADKP
MSSM_PsychAD,The Mount Sinai PsychAD Study,,NA,NA,NA,study,NA,https://www.synapse.org/Synapse:syn52160016,NA,string,ADKP
mtDNA_AD,The Mitochondrial DNA in Aging and AD (mtDNA_AD) Study,,NA,NA,NA,study,NA,https://adknowledgeportal.synapse.org/Explore/Studies/DetailsPage?Study=syn25705287,NA,string,ADKP
NAPS,The Neurodegeneration-Associated Psychiatric Syndromes (NAPS) study,,NA,NA,NA,study,NA,https://www.synapse.org/#!Synapse:syn23633760,NA,string,ADKP
NHP-Chimpanzee,Chimpanzee data,,NA,NA,NA,study,NA,https://www.synapse.org/#!Synapse:syn7067053,NA,string,ADKP
NHP-Macaque,A transcription atlas of the rhesus monkey brain,,NA,NA,NA,study,NA,,NA,string,ADKP
NPS_multiomics,A brain multi-omic approach to identify key molecular drivers of neuropsychiatric symptoms in Alzheimers dementia,,NA,NA,NA,study,NA,https://www.synapse.org/Synapse:syn75267230,NA,string,ADKP
OFMM,,,NA,NA,NA,study,NA,,NA,string,ADKP
omicsADDS,Multiomic Studies of Alzheimer's Disease in Adults with Down Syndrome (omicsADDS),,NA,NA,NA,study,NA,https://adknowledgeportal.synapse.org/Explore/Studies/DetailsPage?Study=syn25533707,NA,string,ADKP
Organoid_scRNAseq,The AD cerebral organoid single-cell transcriptome study,,NA,NA,NA,study,NA,https://adknowledgeportal.synapse.org/Explore/Studies/DetailsPage?Study=syn26865580,NA,string,ADKP
Plxnb1_KO,The Plxnb1 Knockout Study (Plxnb1_KO),,NA,NA,NA,study,NA,https://adknowledgeportal.synapse.org/Explore/Studies/DetailsPage?Study=syn26453791,NA,string,ADKP
RADEL,The Resilience to Alzheimer Disease in Humans with Exceptional Longevity (RADEL) Study,,NA,NA,NA,study,NA,https://www.synapse.org/#!Synapse:syn23540132,NA,string,ADKP
RNAseq_Harmonization,The RNAseq Harmonization Study,,NA,NA,NA,study,NA,https://adknowledgeportal.synapse.org/Explore/Studies/DetailsPage?Study=syn21241740,NA,string,ADKP
rnaSeqReprocessing,"Re-aligned reads from the ROSMAP, MSBB, and MayoRNAseq studies",,NA,NA,NA,study,NA,https://www.synapse.org/#!Synapse:syn9702085,NA,string,ADKP
rnaSeqSampleSwap,RNAseq samples sequenced at multiple sites,,NA,NA,NA,study,NA,https://www.synapse.org/#!Synapse:syn5550419,NA,string,ADKP
ROSMAP,Religious Orders Study and Memory and Aging Project,,NA,NA,NA,study,NA,https://www.synapse.org/#!Synapse:syn3219045,NA,string,ADKP
ROSMAP_bsSeq,Targeted BS-seq on 150 randomly selected ROSMAP samples (ROSMAP_bsSeq),,NA,NA,NA,study,NA,https://adknowledgeportal.synapse.org/Explore/Studies/DetailsPage?Study=syn25832093,NA,string,ADKP
ROSMAP_CellTypeSpecificHA,The ROSMAP Cell-type Specific Histone Acetylation Study (ROSMAP_CellTypeSpecificHA),,NA,NA,NA,study,NA,https://adknowledgeportal.synapse.org/Explore/Studies/DetailsPage?Study=syn25832093,NA,string,ADKP
ROSMAP_CognitiveResilience,The ROSMAP_CognitiveResilience study,,NA,NA,NA,study,NA,https://www.synapse.org/#!Synapse:syn22695346,NA,string,ADKP
ROSMAP_GAGE-seq,The ROSMAP GAGE-seq study,,NA,NA,NA,study,NA,https://www.synapse.org/#!Synapse:syn66400203,NA,string,ADKP
ROSMAP-IA,The ROSMAP iPSC-derived Astrocyte Study (ROSMAP-IA),,NA,NA,NA,study,NA,https://adknowledgeportal.synapse.org/Explore/Studies/DetailsPage/StudyDetails?Study=syn52383678,NA,string,ADKP
ROSMAP-IN,The ROSMAP-iPSC derived induced neurons (ROSMAP-IN) genomic data study,,NA,NA,NA,study,NA,https://www.synapse.org/#!Synapse:syn23564891,NA,string,ADKP
ROSMAP_Lipidomics_Emory,ROSMAP Lipidomics generated by Emory,,NA,NA,NA,study,NA,https://adknowledgeportal.synapse.org/Explore/Studies/DetailsPage?Study=syn26452612,NA,string,ADKP
ROSMAP_MammillaryBody,The ROSMAP Mammillary Body Study,,NA,NA,NA,study,NA,https://adknowledgeportal.synapse.org/Explore/Studies/DetailsPage?Study=syn50670858,NA,string,ADKP
ROSMAP_nucleus_hashing,The ROSMAP nucleus hashing study,,NA,NA,NA,study,NA,https://www.synapse.org/#!Synapse:syn22391827,NA,string,ADKP
RR_APOE4,The ROSMAP Resilience APOE4 study,,NA,NA,NA,study,NA,https://www.synapse.org/#!Synapse:syn23633750,NA,string,ADKP
scRNAseq_microglia_wild_ADmice,Microglia of wild-derived Alzheimer's mouse study (scRNAseq_microglia_wild_ADmice),,NA,NA,NA,study,NA,https://www.synapse.org/#!Synapse:syn23763501,NA,string,ADKP
SEA-AD,The Seattle Alzheimer's Disease Brain Cell Atlas (SEA-AD) Study,,NA,NA,NA,study,NA,https://adknowledgeportal.synapse.org/Explore/Studies/DetailsPage?Study=syn26223298,NA,string,ADKP
SMIB-AD,The Somatic Mutations in Brains of Alzheimer's Disease (SMIB-AD) Study,,NA,NA,NA,study,NA,https://www.synapse.org/#!Synapse:syn22278344,NA,string,ADKP
snRNAseqAD_TREM2,The TREM2-impact in Alzheimer's Disease Study,,NA,NA,NA,study,NA,https://www.synapse.org/#!Synapse:syn21125841/wiki/597278,NA,string,ADKP
StJude_BannerSun,The collaborative Banner Sun - St. Jude Alzheimer's disease and related dementias (StJude_BannerSun) study,,NA,NA,NA,study,NA,https://www.synapse.org/#!Synapse:syn21592732,NA,string,ADKP
SUNYStrokeModel,Mouse behavioral assays on stroke and AD models,,NA,NA,NA,study,NA,https://www.synapse.org/#!Synapse:syn7181520,NA,string,ADKP
SuperAgerEpiMap,The Super Ager EpiMap Study (SuperAgerEpiMap),,NA,NA,NA,study,NA,https://adknowledgeportal.synapse.org/Explore/Studies/DetailsPage?Study=syn25672226,NA,string,ADKP
SV_xQTL,The Structural Variation xQTL Study (SV_xQTL),,NA,NA,NA,study,NA,https://adknowledgeportal.synapse.org/Explore/Studies/DetailsPage?Study=syn26865111,NA,string,ADKP
SWS,Arivale-Providence Feasibility Study of Scientific Wellness (Scientific Wellness Study - SWS),,NA,NA,NA,study,NA,https://adknowledgeportal.synapse.org/Explore/Studies/DetailsPage?Study=syn25807950,NA,string,ADKP
SY5Y_Emory,APP/TAU transduced SY5Y cells,,NA,NA,NA,study,NA,https://www.synapse.org/#!Synapse:syn8513284,NA,string,ADKP
SY5Y_REST,LiCl treated SH-SY5Y cells,,NA,NA,NA,study,NA,https://www.synapse.org/#!Synapse:syn5987497,NA,string,ADKP
T Cell_AD,The Investigation of T Cell-induced Neuroinflammation in Alzheimer's Disease (T Cell_AD) Study,,NA,NA,NA,study,NA,https://adknowledgeportal.synapse.org/Explore/Studies/DetailsPage/StudyDetails?Study=syn68143561,NA,string,ADKP
TASTPM,A double transgenic mouse model,,NA,NA,NA,study,NA,https://www.synapse.org/#!Synapse:syn5714307,NA,string,ADKP
TAUAPPms,Tau and APP mouse model,,NA,NA,NA,study,NA,https://www.synapse.org/#!Synapse:syn3157182,NA,string,ADKP
TauD35,Mouse tauopathy model,,NA,NA,NA,study,NA,https://www.synapse.org/#!Synapse:syn5714308,NA,string,ADKP
Trisomy21iN,Contributions of APP and DYRK1A to dysregulated neurobiology in human trisomy 21 iPSC-derived neurons,,NA,NA,NA,study,NA,https://adknowledgeportal.synapse.org/Explore/Studies/DetailsPage?Study=syn52159903,NA,string,ADKP
TS-RNAseq,Transcriptional Analysis of the Human Striatum in Tourette Syndrome,,NA,NA,NA,study,NA,https://www.synapse.org/#!Synapse:syn3158906,NA,string,ADKP
TWAS,Transcriptome-Wide Association Study (TWAS) in Alzheimer's Disease,,NA,NA,NA,study,NA,https://www.synapse.org/#!Synapse:syn22313785,NA,string,ADKP
TyrobpKO,Mouse Tyrobp KO model,,NA,NA,NA,study,NA,https://www.synapse.org/#!Synapse:syn7123287,NA,string,ADKP
TyrobpKO_AppPs1,TyrobpKO mice crossed with APP/PS1 tg,,NA,NA,NA,study,NA,https://www.synapse.org/#!Synapse:syn10378730,NA,string,ADKP
U1-70_PrimaryCellCulture,APP.PS1 and U1-70 transduced neurons,,NA,NA,NA,study,NA,https://www.synapse.org/#!Synapse:syn5820226,NA,string,ADKP
UAB_ADRC,The University of Alabama Birmingham Alzheimer Disease Research Center (UAB_ADRC) Study,,NA,NA,NA,study,NA,https://adknowledgeportal.synapse.org/Explore/Studies/DetailsPage/StudyDetails?Study=syn51226075,NA,string,ADKP
UCI_3xTg-AD,The UCI_3xTg-AD study,,NA,NA,NA,study,NA,https://www.synapse.org/#!Synapse:syn22964685,NA,string,ADKP
UCI_ABCA7,The UCI_ABCA7 Study,,NA,NA,NA,study,NA,https://adknowledgeportal.synapse.org/Explore/Studies/DetailsPage/StudyDetails?Study=syn27207345,NA,string,ADKP
UCI_Apoe-Ch,The UCI APOE Christchurch Study,,NA,NA,NA,study,NA,https://adknowledgeportal.synapse.org/Explore/Studies/DetailsPage/StudyDetails?Study=syn61250684,NA,string,ADKP
UCI_BIN1,The UCI_BIN1 Study,,NA,NA,NA,study,NA,https://adknowledgeportal.synapse.org/Explore/Studies/DetailsPage?Study=syn50944316,NA,string,ADKP
UCI_CCLines,The UCI Collaborative Cross Lines Study,,NA,NA,NA,study,NA,https://adknowledgeportal.synapse.org/Explore/Studies/DetailsPage/StudyDetails?Study=syn51713891,NA,string,ADKP
UCI_Microbiome,UCI_Microbiome,,NA,NA,NA,study,NA,https://www.synapse.org/#!Synapse:syn22341542,NA,string,ADKP
UCI_Multiomics,The UCI ADRC Multiomics Study,,NA,NA,NA,study,NA,https://adknowledgeportal.synapse.org/Explore/Studies/DetailsPage?Study=syn26670419,NA,string,ADKP
UCI_PrimaryScreen,Primary screen data from the UCI MODEL-AD grant (UCI_PrimaryScreen),,NA,NA,NA,study,NA,https://adknowledgeportal.synapse.org/Explore/Studies/DetailsPage?Study=syn25316706,NA,string,ADKP
UCI_StrainValidation,Strain validation data from the UCI MODEL-AD grant,,NA,NA,NA,study,NA,https://www.synapse.org/#!Synapse:syn21595257,NA,string,ADKP
UCI_Trem2_Cuprizone,The UCI_Trem2_Cuprizone Study,,NA,NA,NA,study,NA,https://adknowledgeportal.synapse.org/Explore/Studies/DetailsPage?Study=syn50670633,NA,string,ADKP
UCI_Trem2-R47H_NSS,The UCI_Trem2-R47H_NSS Study,,NA,NA,NA,study,NA,https://adknowledgeportal.synapse.org/Explore/Studies/DetailsPage?Study=syn26943950,NA,string,ADKP
UCLA-ASD,A study of samples from the Autism Tissue Program,,NA,NA,NA,study,NA,https://www.synapse.org/#!Synapse:syn4587609,NA,string,ADKP
UCSF_MAC,The UCSF Memory and Aging Center Study (UCSF_MAC),,NA,NA,NA,study,NA,https://adknowledgeportal.synapse.org/Explore/Studies/DetailsPage?Study=syn25686496,NA,string,ADKP
UFLOR_ABI3_GNGT2,Abi3/Gngt2 deletion influences amyloid B and tau pathologies (UFLOR_ABI3_GNGT2 Study),,NA,NA,NA,study,NA,https://adknowledgeportal.synapse.org/Explore/Studies/DetailsPage?Study=syn27056180,NA,string,ADKP
UPenn,Center for Neurodegenerative Disease Research at the Perelman School of Medicine of the University of Pennsylvania,,NA,NA,NA,study,NA,https://www.synapse.org/#!Synapse:syn5477237,NA,string,ADKP
VirusResilience_Banner,"Virus Resilience, Banner cohort",,NA,NA,NA,study,NA,https://adknowledgeportal.synapse.org/Explore/Studies/DetailsPage?Study=syn25927764,NA,string,ADKP
VirusResilience_iPSC,"Virus Resilience, iPSC",,NA,NA,NA,study,NA,https://adknowledgeportal.synapse.org/Explore/Studies/DetailsPage?Study=syn25927676,NA,string,ADKP
VirusResilience_LCL,"Virus Resilience, LCL",,NA,NA,NA,study,NA,https://adknowledgeportal.synapse.org/Explore/Studies/DetailsPage?Study=syn25927416,NA,string,ADKP
VirusResilience_Mayo.MSBB.ROSMAP,"Brain Viral Profiling in the Mayo, MSBB, and ROSMAP Cohorts",,NA,NA,NA,study,NA,https://adknowledgeportal.synapse.org/Explore/Studies/DetailsPage?Study=syn25927532,NA,string,ADKP
VirusResilience_Organoids,The Virus Resilience Organoids Study,,NA,NA,NA,study,NA,https://adknowledgeportal.synapse.org/Explore/Studies/DetailsPage?Study=syn69762030,NA,string,ADKP
VMC,The Vascular Mural Cell -derived ApoE Study,,NA,NA,NA,study,NA,https://www.synapse.org/#!Synapse:syn21624490,NA,string,ADKP
WallOfTargets,,,NA,NA,NA,study,NA,,NA,string,ADKP
WGBS Pilot,Whole Genome Bisulfite Sequencing pilot,,NA,NA,NA,study,NA,https://www.synapse.org/#!Synapse:syn4586517,NA,string,ADKP
WGS_Harmonization,The Whole Genome Sequence Harmonization Study (WGS_Harmonization),,NA,NA,NA,study,NA,https://adknowledgeportal.synapse.org/Explore/Studies/DetailsPage?Study=syn22264775,NA,string,ADKP
WHICAP_Immunoprofiling,The Immunoprofiling of PBMCs from the WHICAP cohort Study,,NA,NA,NA,study,NA,https://adknowledgeportal.synapse.org/Explore/Studies/DetailsPage?Study=syn64742631,NA,string,ADKP
Yale-ASD,Transcriptional and Epigenetic Signatures of Human Brain Development and Autism-,,NA,NA,NA,study,NA,https://www.synapse.org/#!Synapse:syn4566141,NA,string,ADKP
Zhao_USF_Study,The DNA N6-methyladenine (6mA) Methylome of Alzheimer’s disease Study,,NA,NA,NA,study,NA,https://adknowledgeportal.synapse.org/Explore/Studies/DetailsPage/StudyDetails?Study=syn71830130,NA,string,ADKP
